File ,Trials,Channels
fe_ft_01_ctet_session1_ATM.mat,"169, 181, 182, 185, 199, 321, 552, 553, 554, 580, 581, 640, 641, 642, 664, 665, 666, 1070, 1071, 1118, 1120, 1123, 1125, 1350, 1575",
fe_ft_01_ctet_session2_CIT.mat,"29, 89, 90, 98, 102, 184, 185, 187, 189, 191, 268, 398, 580, 582, 583, 592, 593, 650, 693, 695, 699, 854, 859, 1016, 1018, 1091, 1184, 1379, 1380, 1381, 1425, 1884, 2102, 2104, 2108, 2109",
fe_ft_01_ctet_session3_MPH.mat,"165, 166, 450, 586, 675, 750, 960, 961, 962, 1125, 1575, 1633, 1634, 1800, 1915, 1916, 1917, 2025, 2061, 2062, 2085, 2086, 2250",
fe_ft_01_ctet_session4_PLA.mat,"647, 648, 905, 937, 938, 1100, 1101, 1550, 1551, 1590, 1591, 1605, 1619, 1672, 1836, 1874, 2068, 2069",
fe_ft_02_ctet_session1_PLA.mat,"90, 91, 92, 165, 312, 313, 314, 431, 432, 489, 490, 504, 505, 567, 568, 687, 688, 731, 732, 733, 788, 880, 881, 961, 962, 1195, 1196, 1233, 1234, 1264, 1265, 1458, 1459, 1512, 1513, 1614, 1615, 1864, 1865, 1946, 1947, 2024, 2025",
fe_ft_02_ctet_session2_MPH.mat1,"248, 362, 650, 651, 687, 688, 753, 834, 990, 1156, 1158, 1345, 1450, 1451, 1574, 1848, 1849, 1898, 2043, 2113",
fe_ft_02_ctet_session3_CIT.mat,"168, 242, 510, 905, 937, 965, 1067, 1068, 1069, 1070, 1272, 1471, 1527, 1555, 1641, 1747, 1748, 1749, 1981, 1982",
fe_ft_03_ctet_session1_PLA.mat,"853, 854, 855, 869, 870, 1126, 1127, 1377, 1471, 1589, 1649, 1800, 1805, 1806, 1989, 2206, 2207, 2208",
fe_ft_03_ctet_session4_ATM.mat,"899, 900, 1075, 1125, 1204, 1205, 1786, 1787, 1788, 1789, 1885, 1886, 1887, 2002, 2034, 2036, 2057, 2058, 2059, 2088, 2154, 2155, 2156, 2193",
fe_ft_04_ctet_session1_MPH.mat,"435, 1287, 1288, 1369, 1371, 1390, 1403, 1418, 1441, 1447, 1457, 1462, 1465, 1470, 1476, 1489, 1506, 1526, 1829",
fe_ft_04_ctet_session2_ATM.mat,"559, 650, 662, 780, 781, 782, 791, 1072, 1073, 1079, 1569, 2136, 2142, 2143, 2145, 2146, 2147, 2148, 2150",
fe_ft_04_ctet_session3_PLA.mat,"172, 173, 174, 199, 200, 511, 512, 688, 689, 690, 691, 826, 830, 850, 851, 852, 853, 854, 1087, 1092, 1556, 1616, 1935, 2159, 2160, 2161",
fe_ft_04_ctet_session4_CIT.mat,"180, 376, 377, 378, 380, 381, 384, 386, 388, 391, 392, 396, 405, 442, 518, 639, 643, 883, 885, 889, 966, 1079, 1091, 1114, 1115, 1116, 1525, 1526, 1556, 1557, 1558, 1559, 1560, 1561, 1563, 1564, 1566, 1574, 1790, 1802, 1850, 1854, 1894, 1915, 1977, 1993, 1996, 2000, 2004, 2058, 2061, 2082",
fe_ft_05_ctet_session1_CIT.mat,"358, 716, 1050, 1141, 1142, 1205, 1445, 1446, 1447, 1752, 1768, 1781, 1799, 1801, 1807",
fe_ft_05_ctet_session2_PLA.mat,"393, 565, 568, 827, 829, 830, 832, 833, 834, 852, 853, 855, 856, 859, 860, 1074, 1075, 1076, 1079, 1080, 1081, 1082, 1083, 1084, 1085, 1086, 1087, 1088, 1090, 1091, 1109, 1110, 1111, 1112, 1113, 1114, 1155, 1156, 1157, 1697",
fe_ft_05_ctet_session3_ATM.mat,"584, 585, 676, 778, 878, 879, 880, 951, 952, 953, 954, 955, 966, 997, 998, 1345, 1350, 1523",
fe_ft_05_ctet_session4_MPH.mat,"898, 1082, 1083, 1348, 1453, 1511, 1566, 1573, 1586, 2013, 2153, 2248",
fe_ft_06_ctet_session1_CIT.mat,"173, 174, 175, 356, 1496, 1795",
fe_ft_06_ctet_session2_PLA.mat,"426, 521, 522, 524, 592, 593, 594, 595, 596, 740, 741, 742, 743, 744, 877, 878, 879, 880, 881, 882, 884, 1790, 2173, 2245, 2247",
fe_ft_06_ctet_session3_ATM.mat,"676, 851, 1088, 1089, 1090, 1091, 1191, 1192, 1330, 1342, 1343, 1752, 1753, 1755, 1756, 1757",
fe_ft_06_ctet_session4_MPH.mat,"477, 902, 1575, 1776, 1778, 1780, 2059, 2250",
fe_ft_07_ctet_session1_ATM.mat,"223, 225, 841, 842, 843, 844, 845, 847, 852, 853, 855, 856, 860, 865, 870, 887, 918, 952, 1091, 1445, 1579, 1981, 2093, 2197, 2248",
fe_ft_07_ctet_session2_CIT.mat,"374, 494, 692, 694, 695, 696, 697, 703, 705, 708, 783, 790, 828, 904, 1364, 1374, 1404, 1409, 1418, 1421, 1422, 1424, 2029",
fe_ft_07_ctet_session3_MPH.mat,"87, 91, 99, 114, 118, 121, 670, 772, 824, 974, 1269, 1275, 1276, 1278, 1373, 1391, 1981, 1984, 2069, 2124, 2138, 2151",
fe_ft_07_ctet_session4_PLA.mat,"451, 452, 459, 524, 550, 703, 763, 767, 785, 1262, 1263, 1265, 1540, 1541, 1544",
fe_ft_08_ctet_session1_MPH_run-at-wrong_Hz-rate.mat,"101, 899, 1124, 1150, 1217, 1218, 1219, 1309, 1311, 1691, 1719, 1720, 1770, 1771, 2023",
fe_ft_08_ctet_session2_ATM.mat,"287, 288, 312, 460, 461, 642, 692, 1419, 2033, 2034, 2035",
fe_ft_08_ctet_session3_PLA.mat,"482, 927, 1337, 1552, 1864, 1881, 1883, 1884, 1885, 2158",
fe_ft_08_ctet_session4_CIT.mat,"15, 109, 243, 244, 575, 576, 577, 599, 636, 868, 994, 995, 996, 1119, 1286, 1287, 1288, 1687, 1688, 1864, 1865, 1866, 1874, 1875, 1876, 1877, 1878, 1879, 2248",
fe_ft_09_ctet_session1_ATM.mat,"266, 622, 780, 781, 890, 891, 892, 893, 894, 897, 898, 1037, 1040, 1041, 1046, 1047, 1048, 1311, 1312, 1313, 1515, 1516, 1521, 1522, 1523, 1524, 1535, 1537, 1658, 1659, 1703, 1710, 2032, 2033, 2034, 2092, 2095, 2151, 2152, 2153, 2154, 2155, 2175",
fe_ft_09_ctet_session2_CIT.mat,"198, 200, 202, 203, 529, 1050, 1051, 1346, 1347, 1348, 1350, 1483, 1484, 1504, 1506, 1656, 1658, 1743, 1744, 1745, 1748, 1800, 2018, 2019, 2020, 2022, 2182, 2184, 2185",
fe_ft_09_ctet_session3_MPH.mat,"834, 1069, 1070, 1351, 1473, 1853, 2026, 2058, 2059, 2062, 2199",
fe_ft_09_ctet_session4_PLA.mat,"208, 523, 608, 670, 874, 914, 919, 1124, 1125, 1489, 1490, 1491, 1492, 1495, 1662, 1687, 1690, 1818, 1819, 1820",
fe_ft_10_ctet_session1_PLA.mat,"67, 68, 503, 504, 505, 506, 507, 574, 575, 576, 658, 659, 699, 700, 701, 702, 856, 878, 894, 1031, 1040, 1041, 1062, 1078, 1079, 1080, 1081, 1082, 1083, 1154, 1155, 1156, 1157, 1163, 1164, 1165, 1172, 1173, 1367, 1368, 1369, 1370, 1371, 1372, 1614, 1615, 1616, 1617, 1778, 1783, 1867, 1868, 1869, 1874",
fe_ft_10_ctet_session2_MPH.mat,"127, 458, 459, 460, 771, 772, 773, 799, 800, 801, 900, 1099, 1100, 1101, 1102, 1297, 1489, 1536, 1718, 1804, 1807, 1924, 1925, 1980, 2169, 2170, 2171",
fe_ft_10_ctet_session3_CIT.mat,"125, 345, 463, 464, 676, 710, 711, 712, 713, 725, 727, 728, 778, 1006, 1007, 1008, 1009, 1031, 1032, 1141, 1160, 1161, 1238, 1239, 1351, 1352, 1391, 1392, 1542, 1608, 1609, 1665, 1846, 1847, 1848, 1932, 1933, 2027, 2058, 2077, 2080",
fe_ft_10_ctet_session4_ATM.mat,"347, 348, 595, 703, 704, 705, 706, 707, 710, 943, 944, 945, 1032, 1033, 1034, 1035, 1054, 1055, 1056, 1057, 1224, 1225, 1226, 1227, 1288, 1289, 1290, 1491, 1525, 1526, 1527, 1742, 1743, 1744, 1745, 1993, 1994, 1995, 2010, 2011, 2012, 2013, 2014, 2015, 2022, 2023, 2094, 2112, 2113, 2114, 2137, 2138, 2139, 2141, 2142, 2143, 2144, 2145, 2175, 2176, 2177, 2224, 2225, 2226, 2227",
fe_ft_11_ctet_session1_ATM.mat,"376, 377, 378, 845, 846, 847, 1091, 1092, 1093, 1094, 1179, 1224, 1225, 1240, 1241, 1242, 1288, 1289, 1290, 1298, 1299, 1300, 1325, 1326, 1327, 1345, 1346, 1347, 1351, 1352, 1353, 1354, 1518, 1519, 1573, 1692, 1693, 1769, 1770, 1782, 1783, 1784, 1785, 1786, 1787, 1788, 1789, 1943, 1944, 1945, 1946, 1947, 1948, 1949, 1950, 1951, 1952, 1953, 1954, 1955",
fe_ft_11_ctet_session2_CIT.mat,"83, 84, 94, 213, 262, 263, 305, 306, 395, 477, 478, 479, 587, 588, 737, 738, 739, 740, 1098, 1099, 1100, 1141, 1142, 1143, 1144, 1145, 1146, 1147, 1148, 1228, 1300, 1301, 1302, 1304, 1306, 1469, 1471",
fe_ft_11_ctet_session3_MPH.mat,"5, 418, 462, 553, 670, 964, 1149, 1565, 1567, 1568, 2130",
fe_ft_11_ctet_session4_PLA.mat,"109, 110, 112, 182, 238, 241, 242, 243, 509, 511, 573, 701, 702, 703, 704, 705, 706, 1425, 1702, 1703, 1831, 1833, 1834, 1835, 1836, 1990, 1991",
fe_ft_13_ctet_session1_CIT.mat,"2, 450, 451, 452, 676, 677, 679, 680, 808, 900, 901, 902, 1144, 1350, 1427, 1428, 1429, 1430, 1431, 1432, 1433, 1576, 1577, 1578, 1579, 1621, 1801, 2035, 2036, 2037, 2040",
fe_ft_13_ctet_session2_PLA.mat,"174, 175, 450, 901, 902, 903, 904, 905, 1120, 1309, 1310, 1535, 1537, 1649, 1746, 1833, 1834, 1920, 2125, 2126",
fe_ft_13_ctet_session3_ATM.mat,"1, 156, 552, 554, 676, 677, 678, 679, 680, 707, 744, 745, 746, 747, 748, 749, 900, 966, 967, 968, 969, 970, 1191, 1322, 1572, 1573, 1677, 1884, 1886, 2024, 2027",
fe_ft_13_ctet_session4_MPH.mat,"208, 225, 227, 272, 675, 901, 1242, 1270, 1618, 1684, 1685, 1747, 1801, 1802, 2025, 2026, 2250",
fe_ft_14_ctet_session1_CIT.mat,"676, 885, 1160, 1161, 1162, 1351, 1352, 1400, 1451, 1452, 1453, 1536, 1577, 1578, 1579, 1801, 1812, 1813, 1814, 1850, 1851, 1852, 1887, 2054, 2055, 2084, 2085, 2120, 2121, 2122, 2124, 2165, 2187, 2188",P10
fe_ft_14_ctet_session2_PLA.mat,"3, 13, 226, 331, 453, 459, 635, 636, 668, 677, 685, 687, 1025, 1036, 1039, 1042, 1043, 1082, 1126, 1212, 1283, 1347, 1950, 1951, 1954, 1955, 1956, 2044, 2045, 2095",
fe_ft_14_ctet_session3_ATM.mat,"15, 86, 371, 711, 811, 928, 960, 1124, 1797, 1798, 1799, 1800, 1811, 2199, 2201",
fe_ft_15_ctet_session1_PLA.mat,"484, 485, 487, 582, 583, 676, 681, 682, 687, 688, 689, 902, 1004, 1126, 1127, 1128, 1129, 1131, 1144, 1145, 1146, 1147, 1254, 1255, 1256, 1259, 1537, 1538, 1577, 1578, 1678, 1679, 2239",
fe_ft_15_ctet_session3_CIT.mat,"931, 932, 933, 934, 1052, 1054, 1077, 1081, 1094, 1423, 1424, 1464, 1465, 1466, 1467, 1496, 1499, 1544, 1547, 1550, 1551, 1552, 1553, 1554, 1555, 1556, 1559, 1560, 1561, 1562, 1575, 2024, 2025, 2026, 2028, 2030, 2031, 2032, 2033, 2034, 2035, 2061",
fe_ft_15_ctet_session4_ATM.mat,"631, 1174, 1175, 1176, 1181, 1182, 1183, 1203, 1204, 1205, 1213, 1214, 1231, 1254, 1255, 1258, 1259, 1260, 1276, 1277, 1278, 1283, 1284, 1288, 1289, 1290, 1384, 1385, 1386, 1392, 1393, 1397, 1398, 1399, 1400, 1401, 1402, 1403, 1404, 1406, 1407, 1622, 1623, 1624, 1634, 1675, 1676, 1677, 1692, 1693, 1694, 1708, 1709, 1710, 1743, 1744, 1745, 1825, 1826, 1827, 1879, 1880, 1881, 1915, 1916, 1917, 1922, 1923, 1926, 1927, 1928, 1934, 1935, 1950, 1951, 1952, 1955, 1956, 1957, 1958, 1959, 1960, 1961, 1987, 1988, 1989, 2011, 2012, 2026, 2037, 2038, 2039, 2084, 2085, 2126, 2127, 2128, 2174, 2175, 2176, 2246, 2250",O1
fe_ft_16_ctet_session1_ATM.mat,"163, 164, 265, 495, 531, 781, 784, 854, 1353, 1542, 1543, 1638, 1640, 1706, 1759, 1815, 1819, 2066, 2081, 2119, 2142, 2243",
fe_ft_16_ctet_session2_CIT.mat,"317, 328, 329, 334, 335, 336, 920, 1125, 2138, 2199, 2202, 2249",
fe_ft_16_ctet_session3_MPH.mat,"95, 225, 870, 1068, 1125, 1360, 1361, 1362, 1575, 1580, 1630, 2033",
fe_ft_16_ctet_session4_PLA.mat,"123, 451, 452, 453, 523, 590, 676, 826, 1068, 1070, 1225, 1226, 1227, 1312, 1313, 1458, 1459, 1510, 1575, 1667, 1858, 1897, 1983, 2122, 2236, 2237, 2238, 2239",
fe_ft_19_ctet_session1_CIT.mat,"570, 573, 829, 831, 980, 981, 982, 983, 1035, 1036, 1037, 1038, 1039, 1040, 1206, 1218, 1220, 1374, 1375, 1376, 1377, 1378, 1694, 1801, 1802, 1803, 1804, 1811, 1812, 1813, 1814, 1968, 1969, 1970, 2155",
fe_ft_19_ctet_session2_PLA.mat,"410, 411, 412, 430, 431, 500, 730, 731, 732, 927, 928, 929, 1163, 1180, 1496, 1497, 1576, 1638, 1639, 1640, 1888, 1890, 2062, 2063",
fe_ft_19_ctet_session3_ATM.mat,"481, 549, 596, 597, 598, 599, 600, 1043, 1044, 1045, 1046, 1047, 1048, 1049, 1297, 1298, 1415, 1582",
fe_ft_19_ctet_session4_MPH.mat,"1, 678, 704, 1125, 1138, 1139, 1262, 2024, 2065",
fe_ft_20_ctet_session2_CIT.mat,"6, 9, 142, 147, 150, 427, 430, 431, 451, 612, 819, 843, 1100, 1102, 1138, 1245, 1268, 1463, 1466, 1593, 1596, 1626, 1694, 1744, 1745, 1962, 2043, 2235, 2237, 2239",
fe_ft_20_ctet_session3_MPH.mat,"69, 93, 236, 239, 713, 721, 932, 934, 1134, 1136, 1137, 1211, 1218, 1378, 1432, 1433, 1484, 1528, 1586, 1587, 1590, 1596, 1802, 1803, 1805, 1854, 1994, 1996, 1997, 2019, 2020, 2021, 2026, 2029, 2045, 2046, 2128, 2162, 2163",
fe_ft_20_ctet_session4_PLA.mat,"232, 234, 242, 243, 306, 343, 456, 458, 529, 598, 621, 652, 690, 759, 768, 782, 796, 797, 953, 1352, 1629, 1793, 1824, 1999, 2000, 2034, 2036, 2138, 2144, 2145, 2147",
fe_ft_21_ctet_session1_PLA.mat,"85, 168, 401, 402, 403, 404, 434, 435, 436, 563, 587, 777, 778, 779, 780, 1464, 1488, 1490, 1510, 1535, 1553, 1574, 1918, 2250",
fe_ft_21_ctet_session2_MPH.mat,"171, 182, 420, 533, 535, 553, 586, 706, 850, 946, 982, 1575",
fe_ft_21_ctet_session4_ATM.mat,"182, 318, 383, 385, 450, 676, 747, 748, 749, 857, 858, 859, 1087, 1490, 1555, 1556, 2001",
fe_ft_22_ctet_session1_ATM_run-at-wrong-Hz-rate.mat,"520, 641, 642, 759, 761, 887, 974, 975, 976, 1050, 1051, 1055, 1193, 1194, 1230, 1319, 1384, 1385, 1386, 1387, 1388, 1389, 1411, 1412, 1413, 1526, 1527, 1528, 1529, 1530, 1634, 1635, 1636, 1644, 1645, 1646, 1765, 1766, 1767, 1774, 1775, 1776, 1930, 2014, 2043, 2044, 2045",
fe_ft_22_ctet_session2_CIT.mat,"225, 234, 440, 642, 644, 645, 657, 674, 717, 1313, 1351, 1378, 1669, 1670, 1671, 1759, 1761, 1771, 1772, 1773, 1774, 1775, 1799, 1871, 1943, 1944, 2018, 2025",
fe_ft_22_ctet_session3_MPH.mat,"2, 3, 4, 5, 19, 171, 243, 244, 245, 246, 379, 438, 439, 446, 516, 603, 711, 712, 713, 714, 745, 826, 827, 828, 835, 1138, 1141, 1573, 1577, 1797, 2245",
fe_ft_22_ctet_session4_PLA.mat,"56, 89, 130, 149, 150, 151, 230, 680, 1122, 1134, 1209, 1226, 1308, 1309, 1310, 1350, 1359, 1403, 1404, 1470, 1471, 1472, 1473, 1474, 1549, 1666, 1721, 1995, 1996, 1997, 1998, 2094, 2095, 2096, 2097, 2245, 2246, 2247, 2248, 2249",
fe_ft_23_ctet_session1_MPH.mat,"925, 1227, 1292, 1293, 1333, 1398, 1399, 1400, 1401, 1402, 1408, 1804, 1810, 1811, 1813, 1846, 1980, 1981, 1993, 2014, 2035, 2040, 2078, 2141, 2150, 2244",
fe_ft_23_ctet_session2_ATM.mat,"94, 157, 158, 260, 308, 336, 473, 559, 560, 561, 785, 786, 787, 901, 937, 953, 1157, 1174, 1211, 1212, 1236, 1480, 1481, 1482, 1757, 1758, 1813, 1899, 1900, 2013, 2014, 2016, 2164",
fe_ft_23_ctet_session3_PLA.mat,"6, 7, 8, 115, 118, 119, 120, 121, 522, 523, 527, 679, 847, 848, 849, 995, 999, 1157, 1223, 1226, 1473, 1475, 1717, 1719, 1720, 1722, 1723, 1740, 1744, 1746, 1752, 1757, 2057, 2195, 2197",
fe_ft_23_ctet_session4_CIT.mat,"40, 523, 573, 576, 678, 1049, 1050, 1110, 1113, 1114, 1130, 1316, 1317, 1318, 1319, 1438, 1439, 1530, 1531, 1532, 1533, 1832, 2150, 2151, 2153",
fe_ft_24_ctet_session1_MPH.mat,"225, 885, 1166, 1191, 1249, 1264, 1300, 1309, 1350, 1433, 1530, 1598, 1638, 1651, 1684, 1738, 1782, 1818, 1819, 1820, 1821, 1892, 2024, 2026, 2099, 2138",
fe_ft_24_ctet_session2_ATM.mat,"239, 240, 241, 300, 301, 302, 322, 456, 457, 458, 601, 680, 681, 682, 1116, 1117, 1240, 1241, 1351, 1367, 1368, 1369, 1370, 1371, 1372, 1373, 1374, 1375, 1376, 1378, 1379, 1460, 1461, 1529, 1530, 1531, 1701, 1702, 1708, 1709, 1710, 1711, 1749, 1750, 1751, 1752, 1806, 1828, 1829, 1843, 1866, 1867, 1868, 2092, 2113, 2159",
fe_ft_24_ctet_session3_PLA.mat,"362, 363, 364, 365, 366, 367, 368, 369, 370, 452, 492, 493, 494, 504, 505, 563, 617, 783, 785, 786, 787, 788, 920, 921, 922, 1130, 1131, 1132, 1133, 1134, 1135, 1136, 1137, 1138, 1293, 1576, 1577, 1588, 1589, 1592, 1593, 1594, 1595, 1655, 1791, 1858, 1990, 1991",
fe_ft_24_ctet_session4_CIT.mat,"152, 153, 155, 156, 157, 158, 159, 320, 321, 322, 609, 667, 668, 669, 670, 671, 672, 676, 677, 678, 717, 718, 719, 720, 721, 722, 723, 1270, 1437, 1438, 1695, 1801, 2026, 2027, 2028",
fe_ft_25_ctet_session1_PLA.mat,"233, 539, 826, 859, 860, 861, 916, 1029, 1247, 1248, 1249, 1422, 1425, 1460, 1502, 1503, 1976, 2001, 2096, 2186",
fe_ft_25_ctet_session2_MPH.mat,"481, 487, 488, 766, 924, 925, 926, 927, 928, 943, 944, 1235, 1359, 1361, 1496, 1561, 1641, 1835, 1836, 1837, 1969, 2206, 2224",
fe_ft_25_ctet_session3_CIT.mat,"1137, 1138, 1139, 1301, 1303, 1571, 1572, 2033, 2034, 2156, 2157, 2179",
fe_ft_25_ctet_session4_ATM.mat,"518, 537, 547, 548, 602, 614, 968, 969, 1001, 1665, 1675, 1728, 1808, 1842, 2001, 2130, 2133, 2134, 2194, 2210",
fe_ft_26_ctet_session1_MPH.mat,"225, 260, 261, 418, 425, 426, 427, 450, 563, 564, 565, 600, 630, 631, 675, 763, 833, 834, 926, 1017, 1018, 1019, 1125, 1216, 1217, 1349, 1350, 1430, 1431, 1432, 1529, 1530, 1791, 1849, 1850, 1851, 2019, 2020, 2118, 2120, 2184, 2185, 2186",
 fe_ft_26_ctet_session2_ATM.mat,"184, 185, 186, 347, 381, 382, 383, 450, 870, 871, 874, 878, 884, 885, 886, 1048, 1372, 1373, 1374, 1375, 1376, 1384, 1385, 1386, 1390, 1391, 1614, 1615, 1616, 1629, 1630, 1743, 1751, 1753, 1754, 1755, 1756, 1757, 1860, 1861, 1862, 1917, 1918, 1919, 1920, 1921",
fe_ft_26_ctet_session3_PLA.mat,"94, 363, 364, 365, 366, 367, 368, 369, 481, 482, 737, 738, 739, 755, 756, 829, 830, 963, 1032, 1178, 1296, 1489, 1490, 1491, 1492, 1496, 1686, 1688, 1689, 1690, 1691, 1693, 1694, 1695, 1732, 1733, 1734, 1735, 1736, 1788, 2044, 2045, 2046, 2077, 2204, 2205, 2206",
fe_ft_26_ctet_session4_CIT.mat,"84, 85, 86, 87, 92, 93, 94, 139, 140, 141, 142, 147, 148, 149, 189, 190, 191, 218, 219, 220, 221, 330, 331, 332, 359, 360, 361, 722, 866, 884, 932, 1099, 1101, 1102, 1109, 1111, 1187, 1188, 1189, 1438, 1439, 1623, 1624, 1851, 2078, 2079, 2111",
fe_ft_27_ctet_session1_CIT.mat,"539, 540, 541, 545, 624, 712, 713, 714, 715, 720, 842, 855, 902, 909, 1007, 1155, 1156, 1157, 1158, 1159, 1160, 1324, 1468, 1469, 1470, 1471, 1472, 1473, 1474, 1475, 1476, 1478, 1481",
fe_ft_27_ctet_session2_PLA.mat,"1126, 1127, 1133, 1666, 1699, 1721, 1886, 2250",
fe_ft_27_ctet_session3_ATM.mat,"93, 94, 95, 515, 516, 939, 942, 946, 950, 966, 967, 968, 992, 1030, 1031, 1034, 1039, 1041, 1043, 1044, 1045, 1046, 1047, 1049, 1050, 1051, 1053, 1125, 1173, 1174, 1175, 1267, 1537, 1868, 1869, 1876, 1877, 1878, 2025, 2029, 2030, 2031",Fp2
fe_ft_27_ctet_session4_MPH.mat,"134, 135, 136, 365, 675, 1099, 1125, 1283, 1353, 1575, 1641, 1642, 1712, 1713, 1765, 1766, 1775, 1864, 1865, 1882, 1988, 2116, 2155, 2156, 2209, 2210, 2211, 2241, 2242, 2243",
 fe_ft_28_ctet_session2_ATM.mat,"355, 384, 385, 395, 397, 398, 418, 440, 442, 443, 456, 457, 468, 482, 491, 492, 493, 494, 495, 496, 497, 498, 500, 503, 507, 508, 509, 514, 515, 516, 518, 557, 566, 567, 601, 607, 610, 1777, 2244",
fe_ft_29_ctet_session1_PLA.mat,"64, 85, 86, 87, 225, 486, 487, 488, 675, 900, 1125, 1160, 1161, 1162, 1297, 1422, 1492, 1650, 1651, 1919, 2024",
fe_ft_29_ctet_session2_MPH.mat,"338, 501, 502, 731, 732, 733, 1094, 1350, 1577, 1769, 1800, 1863, 1864, 1913, 1937, 1940, 2025, 2201, 2244, 2245, 2246",
fe_ft_29_ctet_session3_CIT.mat,"370, 371, 372, 373, 381, 511, 516, 518, 519, 732, 734, 735, 1038, 1167, 1396, 1397, 1398, 1962, 1963, 1985, 1986, 2043, 2044, 2045, 2093, 2094, 2137",
fe_ft_29_ctet_session4_MPH.mat,"3, 120, 219, 319, 350, 351, 415, 416, 427, 439, 446, 447, 461, 462, 479, 485, 500, 501, 536, 537, 544, 848, 856, 857, 899, 900, 902, 903, 948, 949, 1054, 1109, 1110, 1126, 1138, 1328, 1329, 1480, 1513, 1678, 1788, 2034, 2185, 2186, 2242",Fp2
fe_ft_30_ctet_session1_CIT.mat,"246, 247, 248, 257, 307, 308, 339, 340, 341, 472, 473, 474, 475, 510, 514, 551, 555, 590, 591, 594, 602, 603, 604, 627, 628, 632, 672, 673, 723, 724, 727, 728, 729, 730, 731, 732, 835, 836, 944, 945, 946, 1018, 1019, 1020, 1184, 1185, 1310, 1311, 1312, 1506, 1507, 1634, 1709, 1710, 1711, 1784, 1785, 1786, 2139, 2140, 2142, 2221, 2222, 2223",Fp2
fe_ft_30_ctet_session2_PLA.mat,"17, 79, 147, 307, 308, 311, 312, 909, 916, 918, 972, 1560, 1562, 1653, 1715, 1736, 1738, 1810, 2102, 2103, 2104",
fe_ft_30_ctet_session3_ATM.mat,"279, 963, 1165, 1300, 1384, 1510, 1511, 1512, 1514, 1515, 1565, 1650, 1853, 2063, 2202",
fe_ft_30_ctet_session4_MPH.mat,"587, 588, 589, 675, 850, 879, 1239, 1265, 1274, 1291, 1556, 1565, 1712, 1738, 1906, 1907, 1908, 2232",
fe_ft_31_ctet_session1_CIT.mat,"11, 23, 52, 77, 183, 225, 450, 545, 675, 907, 1123, 1718, 1800, 2017, 2025, 2100, 2134",
fe_ft_31_ctet_session2_PLA.mat,"277, 509, 581, 582, 934, 959, 960, 1201, 1202, 1249, 1250, 1251, 1253, 1747, 1748, 1749, 1750, 1754, 1755, 1756, 1757, 1758, 2026, 2220",
fe_ft_31_ctet_session3_ATM.mat,"105, 106, 135, 377, 440, 615, 657, 658, 815, 816, 866, 918, 1117, 1273, 1373, 1388, 1389, 1437, 1589, 1640, 1674, 1675, 1681, 1682, 1702, 1826, 1827, 1927, 2137",
fe_ft_31_ctet_session4_MPH.mat,"188, 194, 490, 674, 1064, 1168, 1189, 1190, 1204, 1208, 1214, 1219, 1231, 1240, 1243, 1244, 1246, 1258, 1273, 1318, 1320, 1333, 1342, 1393, 1399, 1409, 1421, 1423, 1523, 1663, 1683, 1707, 1752, 1753, 1772, 1776, 1777, 1778, 1779, 1790, 1819, 1826, 1836, 1841, 1843, 1846, 1847, 1848, 1854, 1855, 1874, 1877, 1879",F8
fe_ft_32_ctet_session1_CIT.mat,"9, 10, 15, 68, 70, 309, 310, 311, 463, 552, 675, 775, 897, 898, 899, 1095, 1127, 1144, 1327, 1328, 1350, 1351, 1366, 1470, 1575, 1740, 1747, 1748, 1798, 1800, 1801, 1859, 1996, 2025, 2160, 2161, 2162, 2163, 2165, 2186, 2188, 2218",PO4
fe_ft_32_ctet_session2_PLA.mat,"5, 24, 177, 343, 456, 560, 791, 900, 1183, 1525, 1526, 1527, 1586, 1590, 1629, 1648, 1658, 1659, 1660, 1714, 1715, 1716, 1717, 1734, 1749, 1750, 1751, 1918, 1919, 2049, 2050, 2059, 2060, 2061, 2137, 2140",
fe_ft_32_ctet_session3_ATM.mat,"116, 117, 118, 119, 155, 156, 157, 158, 159, 228, 233, 445, 540, 542, 545, 546, 634, 908, 909, 910, 911, 912, 913, 1125, 1345, 1346, 1350, 1800, 1941, 2042, 2043, 2044, 2054, 2057",
fe_ft_32_ctet_session4_MPH.mat,"72, 73, 74, 220, 221, 222, 378, 403, 404, 405, 408, 438, 439, 440, 441, 675, 676, 840, 841, 842, 843, 844, 1041, 1042, 1043, 1044, 1045, 1046, 1047, 1125, 1257, 1258, 1259, 1886, 1887, 1888, 1889, 1899, 1902, 1947, 2024",
fe_ft_33_ctet_session1_MPH.mat,"151, 152, 153, 282, 860, 861, 862, 945, 946, 947, 948, 949, 950, 951, 1065, 1066, 1067, 1148, 1149, 1150, 1151, 1152, 1155, 1156, 1157, 1158, 1159, 1185, 1186, 1187, 1236, 1237, 1238, 1553, 1554, 1555, 1576, 1577, 1620, 1795, 2002, 2003, 2108, 2109, 2110, 2130, 2135, 2220, 2221, 2222, 2223, 2224, 2225, 2226, 2227, 2228, 2229, 2230",
fe_ft_33_ctet_session2_ATM.mat,"7, 8, 9, 93, 94, 95, 96, 130, 131, 132, 469, 470, 471, 621, 622, 623, 624, 625, 626, 627, 628, 703, 704, 705, 706, 707, 708, 709, 776, 777, 778, 779, 780, 781, 782, 783, 784, 785, 786, 789, 790, 792, 793, 796, 800, 801, 802, 892, 893, 894, 898, 900, 943, 944, 945, 946, 971, 972, 973, 974, 980, 981, 982, 989, 990, 991, 992, 993, 994, 995, 996, 1071, 1072, 1073, 1115, 1119, 1120, 1121, 1122, 1123, 1312, 1313, 1338, 1824, 2144, 2146, 2147, 2148, 2163, 2248, 2249",
fe_ft_33_ctet_session3_PLA.mat,"49, 89, 90, 91, 93, 94, 98, 99, 100, 101, 102, 209, 210, 211, 306, 307, 308, 309, 321, 453, 631, 632, 650, 651, 697, 698, 699, 700, 701, 702, 703, 728, 729, 739, 740, 741, 742, 743, 750, 751, 752, 795, 796, 797, 804, 805, 943, 1018, 1019, 1031, 1032, 1033, 1120, 1121, 1150, 1151, 1210, 1211, 1212, 1318, 1322, 1323, 1500, 1501, 1502, 1556, 1557, 1558, 1606, 1607, 1608",O1
fe_ft_33_ctet_session4_CIT.mat,"274, 275, 276, 288, 289, 290, 426, 427, 457, 643, 860, 861, 862, 863, 901, 902, 903, 949, 950, 951, 1004, 1047, 1049, 1050, 1051, 1052, 1053, 1075, 1406, 1407, 1408, 1409, 1410, 1545, 1561, 1604, 1793, 1812, 1985, 2024",
fe_ft_34_ctet_session1_PLA.mat,"16, 117, 126, 490, 600, 1147, 1148, 1149, 1351, 1353, 1354, 1357, 1358, 1651, 1743, 1744, 1762, 1802, 1803, 1804, 1961, 1962, 1963, 2026, 2148, 2149, 2150",
fe_ft_34_ctet_session2_MPH.mat,"2, 36, 40, 41, 94, 106, 107, 108, 110, 111, 113, 114, 141, 142, 157, 198, 199, 241, 344, 345, 346, 347, 355, 356, 447, 448, 449, 450, 508, 509, 515, 516, 517, 559, 560, 561, 562, 598, 599, 600, 630, 631, 632, 633, 1149, 1150, 1151, 1712, 1713, 1714, 1824, 1825, 1826",F4
fe_ft_34_ctet_session3_CIT.mat,"90, 93, 114, 185, 202, 798, 958, 1053, 1054, 1180, 1181, 1214, 1215, 1217, 1218, 1370, 1371, 1455, 1456, 1514, 1515, 1602, 1603, 1885, 2070, 2163, 2183, 2185, 2186",
fe_ft_34_ctet_session4_ATM.mat,"43, 75, 185, 186, 187, 209, 356, 451, 806, 807, 1126, 1202, 1236, 1237, 1406, 1407, 1408, 1576, 1577, 1578, 1724, 1725, 1767, 1768, 1769, 1801, 1802, 1803, 1894, 1895, 1896, 1897, 2093, 2094, 2238, 2239",
fe_ft_35_ctet_session1_ATM.mat,"33, 34, 226, 451, 452, 676, 708, 709, 710, 901, 1102, 1103, 1104, 1274, 1386, 1442, 1443, 1444, 1448, 1477, 1512, 1516, 1536, 1556, 1576, 1577, 1648, 1801, 1960, 2026, 2082, 2083, 2084, 2092, 2148, 2170, 2171, 2179, 2180, 2181, 2244",
fe_ft_35_ctet_session2_CIT.mat,"273, 340, 397, 813, 816, 904, 940, 1111, 1112, 1116, 1117, 1126, 1235, 1236, 1351, 1354, 1355, 1356, 1357, 1358, 1572, 1578, 1678, 1692, 1854, 1857, 1858, 1859, 2026, 2027, 2155",
fe_ft_35_ctet_session3_MPH.mat,"5, 451, 452, 518, 580, 602, 608, 901, 902, 908, 909, 910, 911, 929, 932, 937, 999, 1011, 1012, 1018, 1019, 1031, 1039, 1042, 1043, 1060, 1062, 1064, 1068, 1069, 1072, 1115, 1365, 1366, 1367, 1368, 1369",
fe_ft_35_ctet_session4_PLA.mat,"161, 228, 305, 306, 307, 324, 325, 451, 677, 678, 836, 837, 838, 839, 840, 851, 900, 917, 1125, 1350, 1576, 1578, 1580, 1771, 1800, 2250",
fe_ft_36_ctet_session1_MPH.mat,"517, 727, 1066, 1137, 1138, 1139, 1418, 1419, 1420, 1602, 1603, 1759, 1760, 1761, 1811, 1812, 1813, 1814, 2041, 2078, 2079, 2080, 2090, 2091, 2092",
fe_ft_36_ctet_session2_ATM.mat,"14, 43, 44, 223, 224, 450, 678, 691, 692, 901, 1143, 1144, 1145, 1610, 1874, 2069, 2070, 2071, 2124, 2125, 2126, 2143",
fe_ft_36_ctet_session3_PLA.mat,"129, 154, 155, 156, 167, 168, 169, 171, 172, 173, 220, 221, 222, 223, 303, 459, 460, 461, 462, 472, 473, 610, 631, 632, 654, 668, 709, 798, 799, 807, 1649, 1746, 1800",
fe_ft_36_ctet_session4_CIT.mat,"10, 11, 12, 21, 22, 23, 24, 25, 26, 34, 35, 36, 37, 38, 42, 43, 44, 45, 46, 47, 48, 49, 50, 51, 52, 53, 55, 56, 57, 58, 79, 98, 145, 164, 165, 166, 170, 185, 210, 211, 221, 231, 241, 272, 288, 301, 302, 303, 313, 321, 322, 323, 731, 740, 843, 844, 845, 846, 847, 849, 850, 851, 852, 853, 854, 859, 860, 861, 875, 876, 877, 1233, 1663, 1664, 1665, 1670, 1671, 1738, 1749, 1750, 1751, 1762, 1763, 1764, 1776, 1777, 1778, 1796, 1849, 1905, 1945, 1946, 1947, 1988, 2013, 2014, 2018, 2020, 2021, 2022, 2025, 2036, 2056, 2057, 2058, 2059, 2065, 2072, 2073, 2074, 2075, 2078, 2079, 2080, 2081, 2176, 2177, 2202, 2203, 2247, 2248, 2249","P3, P5"
fe_ft_37_ctet_session1_MPH.mat,"133, 134, 297, 298, 580, 656, 675, 710, 711, 900, 906, 907, 908, 1052, 1125, 1126, 1152, 1268, 1270, 1271, 1272, 1350, 1565, 1570, 1600, 1669, 1894, 1927, 1954, 2025, 2027, 2028, 2050",
fe_ft_37_ctet_session2_ATM.mat,"106, 152, 327, 485, 765, 766, 894, 895, 932, 1024, 1025, 1027, 1105, 1106, 1185, 1186, 1231, 1387, 1755, 1756, 2052, 2053, 2054, 2058",
fe_ft_37_ctet_session3_PLA.mat,"1, 688, 919, 937, 939, 1160, 1173, 1177, 1371, 1408, 1443, 1449, 1541, 1548, 1554, 1558, 1571, 1575, 2030, 2031, 2032, 2034, 2035, 2039, 2040, 2050, 2069, 2096, 2103, 2145, 2176, 2250",
fe_ft_37_ctet_session4_CIT.mat,"1, 106, 107, 108, 110, 111, 296, 417, 475, 618, 619, 620, 621, 676, 677, 678, 722, 769, 775, 786, 1012, 1013, 1014, 1015, 1016, 1017, 1019, 1020, 1021, 1022, 1037, 1045, 1046, 1051, 1070, 1073, 1074, 1075, 1080, 1081, 1154, 1312, 1336, 1362, 1374, 1480, 1576, 1577, 1801, 2136, 2159, 2162, 2185",
fe_ft_38_ctet_session1_PLA.mat,"333, 334, 346, 347, 348, 349, 350, 352, 477, 478, 479, 480, 816, 817, 823, 824, 827, 837, 845, 846, 862, 1081, 1082, 1083, 1084, 1085, 1107, 1108, 1109, 1276, 1350, 1637, 1638, 1639, 1640, 1842, 2028, 2029, 2030, 2031, 2032, 2033, 2034, 2035, 2036",
fe_ft_38_ctet_session2_MPH.mat,"345, 462, 547, 561, 593, 670, 671, 672, 1065, 1066, 1067, 1167, 1170, 1423, 1509, 1685, 1775, 1778, 1997, 2034, 2052, 2053, 2054, 2055, 2091, 2092, 2096, 2249",
fe_ft_38_ctet_session3_CIT.mat,"22, 441, 442, 443, 444, 445, 446, 447, 527, 567, 568, 648, 649, 650, 745, 861, 862, 863, 923, 924, 1003, 1004, 1006, 1040, 1041, 1042, 1073, 1120, 1121, 1122, 1123, 1226, 1227, 1228, 1229, 1230, 1231, 1232, 1233, 1234, 1238, 1239, 1240, 1241, 1242, 1643, 1644, 1645, 1799, 1986, 1987, 2201",
fe_ft_38_ctet_session4_ATM.mat,"204, 205, 507, 508, 509, 602, 603, 604, 755, 887, 888, 1271, 1281, 1282, 1332, 1333, 1408, 1409, 1456, 1533, 1534, 1535, 1576, 1810, 1811, 1812, 1813, 1814, 1815, 1822, 1867, 1868, 1869, 1916, 1917, 1918, 1920, 1921, 1943, 1995, 2008, 2009, 2010, 2061, 2062, 2116",
fe_ft_39_ctet_session1_ATM.mat,"295, 296, 297, 298, 299, 300, 678, 902, 904, 993, 994, 995, 996, 997, 998, 1029, 1034, 1126, 1127, 1139, 1140, 1141, 1144, 1351, 1352, 1353, 1575, 1801, 1822, 1823, 1824, 1825, 1826, 1827, 1828, 1830, 1838, 1839, 1840, 1965, 1966, 1967, 1970, 1971, 1972, 1973, 1975, 1977, 2016, 2017, 2018, 2019, 2020, 2026, 2027, 2030, 2031, 2033",
fe_ft_39_ctet_session2_CIT.mat,"232, 467, 468, 470, 471, 472, 477, 568, 649, 650, 652, 661, 664, 670, 678, 707, 909, 1006, 1070, 1071, 1072, 1126, 1280, 1282, 1309, 1316, 1319, 1322, 1354, 1355, 1357, 1724, 1725, 1728, 1731, 1802, 2179",
fe_ft_39_ctet_session3_MPH.mat,"546, 870, 872, 944, 955, 956, 957, 958, 960, 963, 964, 965, 966, 968, 1093, 1206, 1308, 1312, 1351, 1450, 1451, 1461, 1472, 1667, 1670, 1671, 1700, 1701, 1737, 1739, 1740, 1741, 1743, 1744, 1745, 1747, 1748, 1749, 1750, 1751, 1935, 1938, 2068, 2140, 2141, 2143",
fe_ft_39_ctet_session4_PLA.mat,"380, 381, 382, 385, 386, 387, 575, 576, 577, 578, 1029, 1030, 1031, 1032, 1033, 1034, 1035, 1036, 1037, 1038, 1039, 1042, 1502, 1800, 1825, 1831, 1832, 1834, 1912, 1985, 1986, 1987, 1988, 1989, 1990, 1993, 2199, 2200, 2201, 2202, 2203, 2207, 2208, 2210, 2212, 2213, 2214, 2215, 2216, 2217, 2218, 2219, 2220, 2221, 2222, 2224, 2226, 2229, 2230",
fe_ft_40_ctet_session1_MPH.mat,"1, 450, 451, 882, 883, 884, 940, 1244, 1246, 1278, 1279, 1351, 1355, 1606, 1608, 1728, 1785, 2016, 2019, 2148, 2205, 2234, 2235, 2236, 2237, 2238, 2241, 2242, 2243, 2247",
fe_ft_40_ctet_session2_ATM.mat,"197, 198, 199, 226, 260, 261, 262, 264, 265, 266, 267, 268, 317, 390, 393, 399, 492, 493, 494, 495, 496, 497, 505, 506, 507, 726, 728, 729, 731, 797, 1256, 1259, 1429, 1430, 1431, 1432, 1433, 1434, 1435, 1436, 1449, 1478, 1870, 2002, 2122",
fe_ft_40_ctet_session3_PLA.mat,"302, 802, 929, 930, 931, 932, 1252, 1412, 1473, 1474, 1596, 1597, 1625, 1626, 1627, 1697, 1755, 2063, 2064, 2065, 2066, 2067, 2074, 2075, 2078, 2141, 2223, 2224",
fe_ft_40_ctet_session4_CIT.mat,"346, 347, 349, 350, 873, 874, 877, 966, 969, 1350, 1371, 1372, 1373, 1374, 1376, 1416, 1422, 1445, 1446, 1466, 1469, 1476, 1498, 1508, 1509, 1528, 1531, 1737, 1800, 1958",